<?xml version="1.0" encoding="UTF-8"?>
<project-private xmlns="http://www.netbeans.org/ns/project-private/1">
    <editor-bookmarks xmlns="http://www.netbeans.org/ns/editor-bookmarks/2" lastBookmarkId="0"/>
    <open-files xmlns="http://www.netbeans.org/ns/projectui-open-files/2">
        <group>
            <file>file:/home/dakota/microchip/harmony/v2_06/apps/BMP_ESU_v5%20(1)/firmware/src/main.c</file>
            <file>file:/home/dakota/microchip/harmony/v2_06/apps/BMP_ESU_v5%20(1)/firmware/src/bmp3.c</file>
            <file>file:/home/dakota/microchip/harmony/v2_06/apps/BMP_ESU_v5%20(1)/firmware/src/bmp3_defs.h</file>
        </group>
    </open-files>
</project-private>
